{
  "hash": "c99a8451",
  "configHash": "6a94a26b",
  "lockfileHash": "ea30866b",
  "browserHash": "93a2c019",
  "optimized": {
    "@angular/common": {
      "src": "../../../../../../node_modules/@angular/common/fesm2022/common.mjs",
      "file": "@angular_common.js",
      "fileHash": "5947280f",
      "needsInterop": false
    },
    "@angular/common/http": {
      "src": "../../../../../../node_modules/@angular/common/fesm2022/http.mjs",
      "file": "@angular_common_http.js",
      "fileHash": "26d85757",
      "needsInterop": false
    },
    "@angular/core": {
      "src": "../../../../../../node_modules/@angular/core/fesm2022/core.mjs",
      "file": "@angular_core.js",
      "fileHash": "35127452",
      "needsInterop": false
    },
    "@angular/forms": {
      "src": "../../../../../../node_modules/@angular/forms/fesm2022/forms.mjs",
      "file": "@angular_forms.js",
      "fileHash": "4690492c",
      "needsInterop": false
    },
    "@angular/platform-browser": {
      "src": "../../../../../../node_modules/@angular/platform-browser/fesm2022/platform-browser.mjs",
      "file": "@angular_platform-browser.js",
      "fileHash": "c94d0c75",
      "needsInterop": false
    },
    "@angular/platform-browser/animations": {
      "src": "../../../../../../node_modules/@angular/platform-browser/fesm2022/animations.mjs",
      "file": "@angular_platform-browser_animations.js",
      "fileHash": "af3297dc",
      "needsInterop": false
    },
    "@angular/router": {
      "src": "../../../../../../node_modules/@angular/router/fesm2022/router.mjs",
      "file": "@angular_router.js",
      "fileHash": "dd6c86f6",
      "needsInterop": false
    },
    "bootstrap": {
      "src": "../../../../../../node_modules/bootstrap/dist/js/bootstrap.esm.js",
      "file": "bootstrap.js",
      "fileHash": "e6826ac0",
      "needsInterop": false
    },
    "leaflet": {
      "src": "../../../../../../node_modules/leaflet/dist/leaflet-src.js",
      "file": "leaflet.js",
      "fileHash": "d8f86ea0",
      "needsInterop": true
    },
    "ngx-toastr": {
      "src": "../../../../../../node_modules/ngx-toastr/fesm2022/ngx-toastr.mjs",
      "file": "ngx-toastr.js",
      "fileHash": "41446ea6",
      "needsInterop": false
    },
    "rxjs": {
      "src": "../../../../../../node_modules/rxjs/dist/esm5/index.js",
      "file": "rxjs.js",
      "fileHash": "2ae70704",
      "needsInterop": false
    },
    "@ng-bootstrap/ng-bootstrap": {
      "src": "../../../../../../node_modules/@ng-bootstrap/ng-bootstrap/fesm2022/ng-bootstrap.mjs",
      "file": "@ng-bootstrap_ng-bootstrap.js",
      "fileHash": "71aee95d",
      "needsInterop": false
    }
  },
  "chunks": {
    "chunk-ACQLVLCR": {
      "file": "chunk-ACQLVLCR.js"
    },
    "chunk-GBNGJKQG": {
      "file": "chunk-GBNGJKQG.js"
    },
    "chunk-RIHOY4BZ": {
      "file": "chunk-RIHOY4BZ.js"
    },
    "chunk-2IITQ5UT": {
      "file": "chunk-2IITQ5UT.js"
    },
    "chunk-C3656IIJ": {
      "file": "chunk-C3656IIJ.js"
    },
    "chunk-ZOMSDHLY": {
      "file": "chunk-ZOMSDHLY.js"
    },
    "chunk-NRAW2BZP": {
      "file": "chunk-NRAW2BZP.js"
    },
    "chunk-PMDK7WGS": {
      "file": "chunk-PMDK7WGS.js"
    },
    "chunk-BSN3GWGM": {
      "file": "chunk-BSN3GWGM.js"
    },
    "chunk-P6U2JBMQ": {
      "file": "chunk-P6U2JBMQ.js"
    },
    "chunk-CX3I3NQG": {
      "file": "chunk-CX3I3NQG.js"
    }
  }
}